,name,latitude,longitude
0,大阪エクセルホテル東急,34.6804715,135.5001569
1,ホテルヴィスキオ大阪,34.7067268,135.4951752
2,ユニバーサル・スタジオ・ジャパン（USJ）,34.6654759,135.4327369
3,大阪水上バス「アクアライナー」,34.6912297,135.5337627
4,海遊館,34.6545182,135.4289398
5,阪急うめだ本店,34.7026562,135.4986712
6,animalcafe,34.6970119,135.4858721
7,なんばグランド花月,34.6650043,135.5035746
8,天神橋筋商店街,34.706883,135.5117391
9,グランフロント大阪,34.7059502,135.4944554
10,ハルカス300,34.6459167,135.5134821
11,空庭温泉OSAKA,34.6703645,135.4595375
12,阪神梅田本店,34.7011275,135.4977844
13,itoaware-いとあはれ-大阪店,34.7081486,135.50389
14,なんばパークス,34.6618101,135.5017943
15,天王寺動物園,34.6525844,135.5084818
16,京セラドーム大阪,34.6692995,135.4760657
17,天保山大観覧車,34.656283,135.4309515
18,新世界,34.6523447,135.5061748
19,道頓堀,34.6686261,135.5027134
20,通天閣,34.6525752,135.5063331
21,ユニバーサル・シティウォーク大阪ＴＭ,34.6687026,135.4379197
22,大阪市立東洋陶磁美術館,34.6934844,135.5054151
23,戎橋,34.6690409,135.5013136
24,フェスティバルホール,34.6935175,135.4969492
25,スパワールド世界の大温泉,34.6499233,135.5056911
26,大阪城公園,34.685583,135.5274635
27,なんばウォーク,34.6667819,135.5053438
28,天保山マーケットプレース,34.6557664,135.4298394
29,プレミアホテル-CABIN-大阪,34.6972462,135.5106711
30,キッズプラザ大阪,34.7047554,135.510356
31,大阪市立科学館,34.6912954,135.4915859
32,ホテルプラザオーサカ,34.71704,135.4808028
33,大丸梅田店,34.701986,135.4966489
34,ベッセルイン心斎橋,34.6755306,135.5038133
35,天然温泉延羽の湯,34.665799,135.5359444
36,千日前道具屋筋商店街,34.6639516,135.5035163
37,ヨドバシ梅田,34.7041746,135.49637
38,御堂筋,34.6750253,135.5003245
39,大阪タカシマヤ,34.664694,135.5010348
40,大阪城天守閣,34.6873867,135.5258646
41,オールスター大阪ウォーク,34.7025644,135.4957571
42,日本橋でんでんタウン,34.6575218,135.5057552
43,KIMONOTEA,34.676409,135.4948885
44,大阪ステーションシティ,34.7029831,135.495499
45,心斎橋筋商店街,34.673456,135.5016245
46,海遊館ミュージアムショップ／海遊館のオリジナルグッズ,34.6550587,135.4288754
47,住吉大社,34.6121351,135.4932134
48,北新地,34.6974754,135.4978657
49,アメリカ村,34.6734643,135.4988942
50,天保山ハーバービレッジ,34.6552437,135.4296867
51,あべのマーケットパークキューズモール,34.645115,135.5115218
52,ディアモール大阪,34.7004501,135.49731
53,四天王寺,34.6554862,135.517362
54,中之島公園（大阪府大阪市）,34.6922263,135.5084455
55,HEPFIVE観覧車,34.7040358,135.5004346
56,紀伊國屋書店梅田本店,34.7050437,135.4984934
57,法善寺横丁,34.667765,135.5018635
58,天王寺ミオ,34.6467719,135.5145001
59,インテックス大阪,34.6371138,135.4183636
60,黒門市場,34.6658537,135.5070301
61,千林商店街,34.7240153,135.5526933
62,三井アウトレットパーク大阪鶴見,34.7121732,135.5929707
63,大阪市中央公会堂,34.6935593,135.5039986
64,なにわ食いしんぼ横丁,34.6557664,135.4298394
65,クリスタ長堀,34.6748697,135.4976192
66,露天神社（お初天神）,34.6993253,135.5008237
67,大丸心斎橋店,34.673193,135.5009637
68,大阪城ホール,34.6897159,135.5300353
69,大阪歴史博物館,34.6825521,135.5206172
70,咲くやこの花館,34.7101063,135.5750834
71,阪急三番街,34.7041997,135.4976071
72,ゆう工房＆Cafeゆう大阪梅田店,34.7074888,135.4971819
73,長居公園,34.6124772,135.5177473
74,阪堺電気軌道,34.6005224,135.4889864
75,ホテルモントレル・フレール大阪,34.6979025,135.4995098
76,船場センタービル,34.6819715,135.5038215
77,南船場,34.6766723,135.5018632
78,ホテル京阪京橋グランデレストランロレーヌ,34.6969574,135.5321709
79,大阪鶴橋市場（鶴橋駅界隈）,34.6641967,135.5327637
80,Whityうめだ,34.7020297,135.5005783
81,LUCUA1100,34.7029355,135.4952392
82,JR大阪駅,34.7024874,135.4959501
83,大阪手作り体験のLALALAPO,34.6733316,135.4987382
84,なんばCITY,34.6637516,135.5019387
85,紀伊國屋書店本町店,34.6840888,135.5050277
86,天満天神繁昌亭,34.6965445,135.5125872
87,なんばパークスシネマ,34.6618101,135.5017943
88,長居植物園,34.6101554,135.5214804
89,よしもと漫才劇場,34.6647109,135.503031
90,ルクア大阪,34.7030943,135.4952626
91,ワールド・ワールド・バッフェ（ホテル京阪ユニバーサル・シティ内）,34.6687417,135.4378911
92,Hoop,34.6451137,135.5137955
93,ATC（アジア太平洋トレードセンター）,34.6380527,135.4114122
94,ホテルウィングインターナショナルセレクト大阪梅田,34.7025695,135.5049299
95,オレンジストリート(立花通り),34.671556,135.4895145
96,梅田ロフト,34.7079818,135.4999057
97,ヤンマースタジアム長居,34.6141276,135.5185842
98,大阪市立中央図書館,34.6738953,135.4862711
99,大阪四季劇場,34.6998195,135.4946159
100,新井ビル,34.6907986,135.5063874
101,サムハラ神社,34.678962,135.4909834
102,OsakaWonder,34.661666,135.501954
103,道頓堀くくるコナモンミュージアム,34.6688219,135.5021714
104,あべちか,34.6478914,135.5131882
105,都シティ大阪天王寺,34.6457115,135.5156775
106,ATCホール,34.6359833,135.4146028
107,天保山公園,34.6574568,135.4329377
108,大阪くらしの今昔館,34.7103354,135.5116751
109,口縄坂,34.6566554,135.5107742
110,靱公園,34.6850834,135.4931454
111,日本銀行大阪支店旧館,34.6938648,135.4997156
112,花博記念公園鶴見緑地,34.7101063,135.5750834
113,淀川河川公園,34.727227,135.5212343
114,てんしば,34.6480929,135.5115989
115,THEGARDEN,34.6935437,135.5235121
116,国立国際美術館,34.6918343,135.4920052
117,HEPNAVIO,34.7032793,135.4999978
118,コスモスクエア,34.6427504,135.4123983
119,HEPFIVE,34.7040303,135.5004763
120,大阪科学技術館,34.6864739,135.4963134
121,淀屋橋,34.6919845,135.502296
122,大阪市立美術館,34.6500867,135.5104745
123,太融寺,34.701839,135.5041594
124,時空の広場,34.702558,135.4958221
125,大阪天満宮（天神さん）,34.6958509,135.5124783
126,PANZAてんしばi:na,34.6481983,135.511058
127,梅田センタービル,34.7060493,135.5019978
128,梅田スカイビル・空中庭園展望台,34.7053854,135.4899994
129,ミライザ大阪城,34.6858576,135.5264586
130,アルデ新大阪,34.7335364,135.4999813
131,城北公園,34.7295644,135.538586
132,イーマ,34.7006043,135.4985219
133,なんばHatch,34.6684953,135.495764
134,御舟かもめ,34.6908932,135.5389975
135,大阪市立自然史博物館,34.6107664,135.5220137
136,リーガロイヤルホテル（大阪）メインラウンジ,34.6902712,135.4871749
137,淀川河川公園西中島地区,34.722174,135.4968024
138,大阪港帆船型観光船サンタマリア,34.6551564,135.4287537
139,一心寺（大阪府大阪市）,34.6530447,135.5108632
140,クロスホテル大阪TERRACE&DINING,34.6697042,135.5007465
141,少彦名神社,34.6888572,135.5060458
142,京橋コムズガーデン,34.6973907,135.531333
143,梅田BIGMAN,34.7051271,135.4983765
144,毛馬桜之宮公園,34.6957346,135.5236162
145,ベストウェスタンプラスホテルフィーノ大阪北浜レストランフィーノ,34.6901842,135.506885
146,空堀商店街,34.6735036,135.5161399
147,ヤマダ電機LABI1,34.6599415,135.5013819
148,大阪企業家ミュージアム,34.6839161,135.5092234
149,天然温泉花風の湯,34.6679864,135.506326
150,茶臼山,34.6487076,135.5094438
151,錦橋,34.6928315,135.4968659
152,阪急電鉄大阪梅田駅,34.705048,135.4984349
153,大阪港駅,34.653929,135.4344186
154,南港ポートタウン線コスモスクエア駅,34.6427507,135.4124054
155,信の旅荷物預かり,34.665538,135.499788
156,曽根崎お初天神通り商店街,34.6995864,135.5005765
157,大阪新歌舞伎座,34.6648324,135.5196287
158,galleryAnge,34.6987927,135.4979738
159,大阪取引所,34.6913347,135.5072456
160,阪急東通商店街,34.7029305,135.5036289
161,豊國神社,34.6843059,135.526921
162,中央線弁天町駅,34.6691853,135.4625611
163,ホテルコスモスクエア国際交流センター,34.6390665,135.4237686
164,天神橋,34.6942456,135.5124256
165,宝珠院,34.7000061,135.5144252
166,ホテルユニバーサルポート,34.6661157,135.4379618
167,サンケイホールブリーゼ,34.6987313,135.494134
168,ユニバーサルシティ駅,34.6679624,135.4386998
169,野里住吉神社,34.709626,135.462835
170,ハードロックカフェ大阪,34.6823853,135.5008856
171,愛染堂勝鬘院（愛染さん）,34.6573859,135.5125435
172,陶芸教室堀越陶房,34.6502658,135.5138174
173,-YUZUHIME-,34.6272149,135.5157567
174,ZeppNamba（OSAKA）,34.6574634,135.50139
175,MoonLeafあべのand,34.644255,135.5138523
176,ザ・シンフォニーホール,34.7016747,135.485686
177,毎日放送,34.7085242,135.4998901
178,絹谷幸二天空美術館,34.7053467,135.4897064
179,ドン・キホーテ梅田本店,34.7032393,135.501121
180,森とリルのBBQフィールド,34.6646379,135.3906046
181,中之島バラ園,34.6925012,135.5078149
182,南海電気鉄道新今宮駅,34.6503205,135.5002943
183,大阪城西の丸庭園,34.6823251,135.5306438
184,大阪難波駅,34.6670819,135.4989224
185,淀屋橋odona,34.691024,135.500234
186,戎橋筋商店街,34.666829,135.5013803
187,とんぼりリバークルーズ,34.669176,135.5027828
188,梅田エスト,34.7047366,135.5007549
189,hu+gMUSEUM(ハグミュージアム),34.6691762,135.4785679
190,大阪まいしまシーサイドパーク,34.6674316,135.3886694
191,NHK大阪ホール,34.6827073,135.5201031
192,メルパルクホール,34.7348461,135.4957757
193,難波宮跡公園,34.6799752,135.5237251
194,梅田芸術劇場メインホール,34.708502,135.4990457
195,トヨタレンタリース大阪新大阪店,34.7280941,135.4963759
196,造幣局（工場見学）,34.6968205,135.5210664
197,東横堀川,34.6912375,135.5098509
198,ハービスOSAKA,34.6986566,135.4927963
199,江崎記念館,34.7183441,135.4612276
200,大阪国際会議場（グランキューブ大阪）,34.6899038,135.4873557
201,落語家と行くなにわ探検クルーズ,34.6690585,135.4954201
202,中央線コスモスクエア駅,34.6427496,135.412398
203,飴細工寿庵,34.6655888,135.5187959
204,and,34.6442599,135.5137761
205,NUchayamachi,34.706966,135.499103
206,難波神社,34.6787054,135.5001133
207,御幸通り（コリアンタウン）,34.6605111,135.538105
208,四つ橋線住之江公園駅,34.6090232,135.4729157
209,アカネス大阪,34.7077551,135.5040457
210,大阪マーチャンダイズ・マート（OMM）,34.6902642,135.5184085
211,城北菖蒲園,34.7295644,135.538586
212,大川,34.7049945,135.5209356
213,緑橋,34.6810757,135.5470841
214,東梅田駅（大阪市営地下鉄谷町線）,34.7009369,135.4996543
215,ジュンク堂書店大阪本店,34.6969757,135.4963747
216,LiveBar,34.7183376,135.4796815
217,見返りトミー君,34.7197147,135.4816297
218,中座くいだおれビル,34.6685199,135.5024918
219,ヴィータダイニングソリスグラーティア／ホテルユニバーサルポートヴィータ,34.6670171,135.4388556
220,上方温泉一休,34.6814702,135.4342662
221,住吉公園（大阪府大阪市）,34.6117045,135.4894526
222,ＪＯ−ＴＥＲＲＡＣＥＯＳＡＫＡ（ジョー・テラス・オオサカ）,34.6888086,135.5336523
223,堺筋線動物園前駅,34.6478519,135.5031717
224,フェスティバルプラザ,34.693471,135.496635
225,中之島（大阪府大阪市）,34.6921926,135.4921497
226,常安橋,34.6907538,135.4906443
227,ジャパンギフトサービス２ビルB２店,34.6986342,135.4976215
228,ホテル日航大阪,34.6740676,135.4997437
229,道頓堀ZAZA,34.6685155,135.5025519
230,ほたるまち,34.6941728,135.4891915
231,中之島フェスティバルタワー,34.6935731,135.4966159
232,心斎橋オーパ＆オーパきれい館,34.6733252,135.4992277
233,直木三十五記念館,34.6749795,135.5153743
234,南港ポートタウン線住之江公園駅,34.6090235,135.4729234
235,ボルダリングジムroca（ロカ）,34.6812986,135.5026621
236,御津公園（三角公園）,34.6718867,135.4980554
237,天保山渡船場,34.6583037,135.4331473
238,HERBISPLAZA,34.6997918,135.4945409
239,水晶橋,34.6956147,135.5042735
240,ホテルモントレラ・スール大阪,34.6939632,135.5325764
241,法清寺（かしく寺）,34.6986782,135.502793
242,レゴランド・ディスカバリー・センター大阪,34.6550348,135.4288895
243,茶屋町界隈,34.7068577,135.4995457
244,パームガーデン舞洲byWBF,34.6663032,135.3900039
245,ローソンユニバーサルシティ・ウォーク店,34.6685473,135.4375661
246,御堂筋線動物園前駅,34.6487521,135.5045772
247,大阪府立中之島図書館,34.6936843,135.5031848
248,ドン・キホーテ観覧車（えびすタワー）,34.6693104,135.5027184
249,難波八阪神社,34.661635,135.4966892
250,着物ぼたん,34.649046,135.5046078
251,反橋（住吉大社の太鼓橋）,34.6121351,135.4932134
252,御堂筋彫刻ストリート,34.6922705,135.5009767
253,適塾,34.691272,135.5033084
254,NAMBAなんなん,34.6655209,135.5031135
255,松下IMPビル,34.6918829,135.5308672
256,TORIIHALL,34.6680481,135.5034914
257,ホテルグランヴィア大阪,34.7025644,135.4957571
258,TWIN21,34.692779,135.5314479
259,花月堂,34.6643654,135.5034552
260,西念寺,34.6879845,135.4478076
261,ヒルトンプラザ,34.6999226,135.4951983
262,H&M戎橋,34.6693193,135.5015385
263,garden心斎橋,34.6732995,135.4992353
264,直木三十五文学碑,34.6764643,135.5145032
265,太閤（背割）下水,34.6801291,135.5144299
266,トレードセンター前駅,34.638708,135.4121083
267,サクラアートミュージアム,34.6787756,135.5333937
268,天下一の黄金の和船「大阪城御座船」,34.6895871,135.5264968
269,京阪電気鉄道淀屋橋駅,34.6925525,135.5016831
270,堂島リバーフォーラム,34.693959,135.4892832
271,あべのハルカス,34.6459211,135.5139772
272,慶沢園,34.6514948,135.5096745
273,大阪プール,34.6610562,135.4474046
274,O1O1NAMBA,34.6655647,135.501027
275,安居神社,34.6542862,135.5108049
276,扇町公園（大阪府大阪市）,34.7039916,135.5090339
277,難波橋（ライオン橋）,34.6929956,135.5073039
278,栴檀木橋,34.6927428,135.5037958
279,土佐堀川,34.6924565,135.4941356
280,OCAT（大阪シティエアターミナル）,34.666265,135.495303
281,よしもとテレビ通り,34.6649823,135.5036557
282,大阪会議の碑,34.6913703,135.508556
283,ココモよってぇ屋新世界店,34.6522598,135.506015
284,国立文楽劇場,34.6674652,135.5087046
285,三好達治文学碑,34.6919985,135.5090593
286,増福寺,34.6624214,135.5133738
287,京阪電気鉄道天満橋駅,34.6889944,135.5173525
288,ＪＲ新今宮駅,34.649803,135.5021558
289,梶井基次郎文学碑（大阪府大阪市）,34.6848852,135.4959746
290,ＪＲ弁天町駅,34.6690674,135.4623611
291,大阪市交通局谷町線天満橋駅,34.6889955,135.5173552
292,なんばオリエンタルホテル和ぎ,34.6657391,135.5038515
293,永代浜跡碑,34.684374,135.4916444
294,キッズユーエスランドイズミヤ今福店,34.7007928,135.5581556
295,ヨドコウ桜スタジアム,34.6154408,135.516514
296,高麗橋ビルディング,34.6897039,135.5038101
297,齢延寺,34.6638352,135.5125433
298,松屋町筋商店街,34.6845911,135.5116871
299,大阪市営地下鉄森ノ宮駅,34.681744,135.533341
300,八軒家浜船着場,34.6907438,135.5159615
301,MimiLapin,34.697883,135.5302285
302,谷町線天王寺駅,34.6481596,135.5132608
303,ヒルトン大阪,34.6998147,135.4959738
304,ホテルソビアル大阪ドーム前,34.6654729,135.4795329
305,日本橋（大阪府大阪市）,34.6698343,135.5056242
306,安倍晴明神社,34.6317748,135.5092447
307,ナレッジキャピタル,34.7061549,135.4943851
308,大阪倶楽部,34.6910151,135.4989158
309,大阪水上バス,34.689766,135.5327795
310,ワークルーム,34.6922404,135.5049533
311,芝川ビル,34.6890737,135.5018323
312,ゑびすや金物店,34.6639083,135.5037424
313,近鉄百貨店上本町店,34.6654154,135.5195529
314,旧小西家住宅（小西儀助商店）,34.6887266,135.5067652
315,久宝寺橋,34.6802055,135.5116039
316,肥後橋,34.6938564,135.4997545
317,BIGSTEP,34.67222,135.4988748
318,宗右衛門町（そうえもんちょう）,34.6693066,135.5041994
319,駅レンタカー新大阪駅営業所,34.7334464,135.4999837
320,大阪市中央体育館,34.6594758,135.4446938
321,花と緑と自然の情報センター,34.6104931,135.5221781
322,とんぼりRiver,34.6690585,135.4954576
323,御堂筋線なんば駅,34.6670742,135.5003597
324,バラ園（靱公園）,34.6858223,135.4941584
325,ドン・キホーテ道頓堀店,34.6693262,135.5026792
326,崇禅寺（大阪府大阪市）,34.7337743,135.5085357
327,川端康成生誕之地,34.6954899,135.5133116
328,ＪＲ西九条駅,34.6821446,135.4661488
329,あべちか,,
330,岩盤浴もりの王国,34.6663003,135.5242629
331,U2unusual,34.6652873,135.5053535
332,BillboardLive,34.6997068,135.494595
333,ピカレスク,34.6775205,135.4984999
334,graf,34.6911577,135.4923633
335,なにわ名物・いちびり庵本店,34.6680078,135.5012241
336,舞洲スポーツアイランド（舞洲アーバンオートビレッジ・バーベキューガーデン）,34.6660461,135.3972339
337,読売新聞大阪本社,34.7001295,135.5065725
338,御堂筋線梅田駅,34.7032098,135.4976406
339,大阪ダックツアー,34.6905822,135.5144728
340,明治橋,34.6793163,135.4920251
341,周防町通（ヨーロッパ通り）,34.671962,135.501739
342,大阪YMCA国際文化センター,34.6896481,135.4922692
343,花乃井橋,34.6872459,135.490475
344,十三まいりの寺（太平寺）,34.6592857,135.5137044
345,百田宗治文学碑,34.6781137,135.4950443
346,NHK大阪放送局BKプラザ,34.6827048,135.5200886
347,OBP（大阪ビジネスパーク）,34.6923823,135.5287742
348,TRIANGLE,34.6721905,135.4976088
349,心斎橋法善寺あられ,34.6760377,135.5014541
350,東急ハンズ心斎橋店,34.6738473,135.5009574
351,日本基督教団浪花教会,34.6895181,135.5037654
352,大阪wonderloop,34.6961569,135.5008762
353,大阪松竹座,34.668453,135.500925
354,きものレンタルwargo大阪心斎橋店,34.6732995,135.4992353
355,大阪市中央卸売市場,34.683396,135.4766735
356,大江神社（大阪府大阪市）,34.6572748,135.5121047
357,四つ橋線なんば駅,34.6652168,135.4982427
358,法楽寺,34.6264758,135.5228214
359,TheoryDrive,34.6716131,135.498349
360,ゆめっせ新大阪センイシティー,34.7356327,135.4939808
361,萬福寺（万福寺）,34.6628658,135.5115656
362,ジュンク堂書店難波店,34.666949,135.4963081
363,林芙美子文学碑（大阪府大阪市）,34.6496884,135.5100551
364,堂島アバンザ,34.6969779,135.4963844
365,すき家曽根崎東店,34.7020447,135.5029678
366,アプレシオ梅田店,34.7027701,135.5012927
367,大阪市営地下鉄堺筋本町駅（堺筋線・中央線）,34.6818288,135.5069774
368,ゆう工房大阪南堀江教室,34.6693675,135.4966889
369,阪神電気鉄道大阪梅田駅,34.7009311,135.4963994
370,男女共同参画・青少年センター（ドーンセンター）,34.690136,135.5208855
371,ヒルトンプラザ・イースト／ウエスト,34.7004042,135.4963679
372,大念佛寺,34.6271652,135.5506606
373,風舞う海辺のいちご畑《舞洲フェルム》,34.6711241,135.4021048
374,天王寺七坂,34.6636157,135.5116461
375,くすりの道修町資料館,34.6887374,135.5060102
376,淀屋橋センタービル,34.6901236,135.5022127
377,オーバルホール,34.6983774,135.4909246
378,正蓮寺（大阪府大阪市）,34.6855951,135.448326
379,古今知（CoConChi）−新世界店−,34.6523035,135.5060253
380,ギャラリー再会,34.6527502,135.5068719
381,藤田美術館,34.6949847,135.5251439
382,HERBISPLAZA,34.6985163,135.4926541
383,阪神電車西九条駅,34.6826851,135.4658273
384,なにわ食いしんぼ横丁,34.6562322,135.4302677
385,湊町リバープレイス,34.6683729,135.4960868
386,豊臣秀頼・淀殿ら自刃の地の碑,34.6880267,135.5267698
387,蓮如上人袈裟懸けの松,34.6865016,135.5261663
388,浮世小路,34.6686217,135.5029908
389,三光神社,34.6734456,135.5297137
390,リリーベアーキャンドル教室,34.6858381,135.5032415
391,法善寺,34.6678859,135.5026144
392,エヴィスドンナ,34.67651,135.4979525
393,押し花教室roseblanche,34.6104355,135.5216188
394,杭全神社,34.6289623,135.5549519
395,高麗橋野村ビルディング,34.6898654,135.5063929
396,大阪市営地下鉄御堂筋線淀屋橋駅,34.6925525,135.5016831
397,坐摩神社,34.6809551,135.4985856
398,EST,34.7050969,135.5010734
399,大阪ガスビル,34.6880779,135.500188
400,なぞともカフェなんばパークス店,34.6617913,135.5017994
401,田辺三菱製薬史料館,34.6883072,135.5033335
402,HEPFIVE（ヘップ,34.7040433,135.5004566
403,EST（エスト）,34.7047613,135.5007177
404,インディクルーズ中之島ローズポート,34.6921273,135.5095525
405,千日前線なんば駅,34.6671015,135.5003611
406,新歌舞伎座,34.6648324,135.5196315
407,刻印石広場,34.6881756,135.5262668
408,通天閣本通商店会,34.6527613,135.5060856
409,源九郎稲荷神社・八兵衛大明神（合祀）,34.6650045,135.5126932
410,中央電気倶楽部,34.6953673,135.4943021
411,ミナミ株式会社旧川崎貯蓄銀行福島出張所,34.6951046,135.4848713
412,OBP円形ホール,34.6925489,135.5298152
413,阪急電鉄十三駅,34.7202147,135.4820614
414,近鉄日本橋駅,34.6667179,135.5063199
415,天神橋筋六丁目駅（大阪市営地下鉄・阪急電鉄）,34.7107657,135.510817
416,Catof,34.6835921,135.5451431
417,四天王寺・八角亭,34.6554699,135.5181453
418,中之島LOVECENTRAL,34.6948797,135.5037677
419,御霊神社,34.6874266,135.4991742
420,天然温泉浪華の湯,34.6835594,135.513576
421,食品サンプルR&M,34.6642935,135.5032976
422,ニュースター,34.6508695,135.5062937
423,水素セラピーMAITRII（マイトリー）,34.7297961,135.5000399
424,よしもとエンタメショップ／吉本興業オフィシャルグッズ,,
425,真田幸村戦死跡の碑,34.6544959,135.5109304
426,メディアカフェポパイ梅田桜橋店,34.6979621,135.4944295
427,BOWL１２３,34.6707669,135.4776994
428,NambaHands-Free,34.6646731,135.4992961
429,大阪グルメウォーク,34.6689316,135.5054881
430,旧黒田藩蔵屋敷長屋門,34.6508561,135.5126354
431,四天王寺前夕陽ケ丘駅,34.6583251,135.5141599
432,玉造稲荷神社,34.6779923,135.5299635
433,ルードランプ,34.6723785,135.4956128
434,芸術創造館,34.7212349,135.5425137
435,すばる陶芸,34.6135752,135.5548877
436,スウェーデントリムパークあべのハルカス店,34.6457738,135.5142432
437,アニモゆめかわアニマルパーク,34.6712114,135.4948957
438,大阪府立上方演芸資料館（ワッハ上方）,34.6646832,135.5030974
439,ブランドショップストリート,34.6749222,135.5006698
440,MILES,34.6706085,135.4975463
441,よしもとテレビ通り／吉本興業お笑い芸人グッズ,34.6649745,135.5035951
442,JO-TERRACEOSAKA,34.6887644,135.5329258
443,大阪リゾートホテル・ロッジ舞洲,34.6646379,135.3906046
444,ANAクラウンプラザホテル大阪,34.6956874,135.498232
445,ハリネズミ専門cafeHARRY,34.6661451,135.5037063
446,ルームルームとうげいきょうしつ,34.672367,135.495615
447,GLASSSTUDIO,34.7081171,135.4998648
448,深江郷土資料館,34.6699475,135.5609105
449,とんぼりリバーウォーク,34.6691882,135.5028317
450,食品サンプル雑貨・制作体験ショップデザインポケット,34.6645876,135.5034191
451,キャプテンライン,34.6539371,135.4284644
452,風蘭ビルディング,34.6825926,135.5061749
453,きんえいアポロビル,34.6465154,135.5117753
454,インターネットカフェＮＥＷＮＥＷなんば戎橋店,34.6693045,135.5010769
455,今宮戎神社,34.6551415,135.5024
456,綿業会館,34.6854964,135.5040961
457,ミズノ淀屋橋店,34.6922408,135.5004456
458,生駒ビルヂング,34.6875656,135.5063541
459,大阪市役所,34.6937272,135.5022121
460,スーパー玉出新今宮店,34.6503072,135.4992074
461,鉾流橋,34.6942037,135.5048318
462,宇野浩二文学碑,34.6850855,135.5138536
463,HERBISPLAZA,34.6996904,135.4944087
464,大阪観光ボランティアガイド協会,34.6842698,135.526433
465,関西ツーリストインフォメーションセンター心斎橋,34.669912,135.5011396
466,本町橋,34.6765447,135.5083849
467,堂島川,34.6924565,135.4941356
468,梅田ステラホール,34.7053527,135.4900619
469,朝日劇場,34.6517059,135.5071108
470,大阪市営地下鉄谷町四丁目駅,34.6821106,135.5172529
471,大阪市立クラフトパーク,34.6100567,135.579392
472,TAIKO-LABうめきた,34.7098172,135.4929651
473,JCAキャンドルスタジオ,34.6778797,135.5015884
474,インディクルーズ日本橋船着場,34.6689725,135.5057148
475,北御堂（津村別院）,34.6850261,135.4995673
476,ドージマ地下センター,34.695223,135.4999794
477,生國魂神社,34.6650045,135.5126932
478,鰻谷商店街,34.6744838,135.5042631
479,天神坂,34.6542168,135.5118742
480,阿波座駅（中央線・千日前線）,34.6816295,135.4862022
481,メディアカフェポパイお初天神店,34.699456,135.500596
482,薄田泣菫文学碑,34.6694513,135.5192925
483,毛馬閘門,34.7203186,135.5168812
484,京阪電気鉄道中之島駅,34.6905523,135.4866151
485,梅田アウラホール,34.7053538,135.4901877
486,梅田スカイビル会議室,34.7052321,135.4900164
487,御勝山古墳,34.6544757,135.5359165
488,STUSSYOSAKA,34.6618168,135.5013096
489,リーヴスギャラリー小坂奇石記念館,34.6266102,135.522635
490,中浜せせらぎの里,34.6877165,135.5448952
491,DJ'sSTORE,34.6704135,135.4975169
492,PanicRabbit84Cafe,34.6637528,135.5048765
493,株式会社アップオン,34.6961569,135.5008762
494,堀越神社,34.651506,135.5132242
495,大阪府警察コミュニティープラザ,34.7017194,135.4997987
496,北浜レトロビルヂング,34.6917652,135.5074844
497,今橋,34.6905847,135.5035737
498,川端康成文学碑（大阪府大阪市）,34.6122184,135.4931606
499,舞洲ベースボールスタジアム,34.6631381,135.3967785
500,森本薫文学碑,34.7149345,135.4970457
501,武田麟太郎文学碑,34.6698624,135.519548
502,奥田家住宅奥田邸,34.6258713,135.5658954
503,伊藤静雄文学碑,34.63433,135.5065309
504,フランダースセンター,34.6618622,135.517664
505,関西国際交流団体協議会,34.6836988,135.5147446
506,大江橋,34.6938065,135.5023043
507,魚つり園護岸（大阪南港魚つり園）,34.6147549,135.4032129
508,通天閣・売店／通天閣グッズ＆ビリケンさんグッズ,34.6525074,135.5063089
509,阿倍王子神社,34.6310444,135.5091836
510,三津寺,34.6706036,135.5006219
511,大阪国際平和センター（ピースおおさか）,34.6832444,135.5277441
512,千本松渡船場,34.634846,135.4760141
513,森ノ宮ピロティホール,34.6808489,135.5317799
514,真宗大谷派難波別院（南御堂）,34.6805746,135.499655
515,御堂筋線長居駅,34.6101389,135.5137916
516,毎日新聞大阪本社,34.6984922,135.4908035
517,谷崎潤一郎文学碑（大阪府大阪市）,34.6674541,135.5086852
518,PiatThor（ピアットトーラー）,34.6641438,135.5030159
519,大阪ビジターズインフォメーションセンター・梅田,34.7025276,135.4970961
520,空堀界隈,34.6751422,135.5126734
521,越中井,34.6798198,135.5267804
522,平野せせらぎの里,34.6415749,135.5598149
523,TOHOCINEMAS,34.6656347,135.5010498
524,大阪府立労働センター（エル・おおさか）,34.6899327,135.5130237
525,鞴神社,34.6657127,135.5122905
526,大阪市営地下鉄恵美須町駅（堺筋線）,34.6549429,135.5055749
527,水上瀧太郎文学碑,34.6928203,135.4950299
528,筋鉄門跡,34.6900359,135.5228484
529,大阪城音楽堂,34.6823224,135.5306494
530,ITC靱テニスセンター,34.6846879,135.4920416
531,JR新大阪駅,34.7334684,135.5002556
532,メイト陶芸教室梅田,34.6992196,135.4946131
533,AmazingKart,34.6666032,135.389666
534,京あるき梅田店,34.705353,135.4968542
535,Lastsamurai,34.6512981,135.5041301
536,LITTLEFOREST,34.6904269,135.5094237
537,梅田芸術劇場シアター・ドラマシティ,34.7084798,135.4990318
538,住友生命いずみホール,34.6907593,135.5341632
539,unico堀江,34.6713163,135.4952511
540,食品サンプル専門店デザインポケット本店,34.6645604,135.503368
541,パラビオン大阪,34.67116,135.4953159
542,Ascenseur,34.6780068,135.4983932
543,CUBICGALLERY,34.6854691,135.5034867
544,児玉画廊,34.6855413,135.4992123
545,AD&A,34.6881184,135.495942
546,dondeesta,34.673036,135.4982787
547,白山眼鏡店心斎橋店,34.6716156,135.4983601
548,馬場万,34.6744496,135.5042531
549,ROMPOOCAFE,34.6438447,135.5153034
550,Soleilナカガイクライミングジム,34.6937001,135.5260107
551,信濃橋,34.6839048,135.4990438
552,大林組歴史館,34.6904243,135.5110078
553,巳さんの御神木,34.6650045,135.5126932
554,全興寺,34.6234102,135.5553076
555,泉布観,34.6983148,135.5214552
556,初辰参りの福を呼ぶ猫,34.6982141,135.4906052
557,namBaHIPS,34.6676556,135.5007414
558,折口信夫文学碑,34.6592853,135.4951116
559,UPSKATE,34.7121776,135.5930657
560,心斎橋サンボウル,34.6708249,135.4984598
561,松虫塚,34.6341857,135.5079752
562,LUCUA1100（ルクア,34.7027895,135.4946716
563,大阪市中央公会堂のポストカード,34.6935518,135.5040139
564,and(アンド),34.6442724,135.5137583
565,関西将棋会館,34.6988794,135.4873307
566,レンタルバイク大阪弁天町,34.6651892,135.4534429
567,Flamingothe,34.6678009,135.492656
568,Socrates,34.6910341,135.4921736
569,myhouse,34.6224302,135.5017467
570,大阪和服桜,34.6632689,135.5056518
571,BiJouxOpera,34.6733899,135.5025656
572,ホテルニューオータニ大阪,34.6910302,135.5329126
573,上方浮世絵館,34.6679401,135.5022329
574,天然温泉夕霧の湯,34.6709118,135.5064006
575,天然温泉水都の湯,34.689312,135.5079474
576,舞洲陶芸館,34.664985,135.3916794
577,CandleStudio,34.705833,135.4954578
578,造幣博物館,34.6959234,135.5216736
579,キララ九条商店街,34.6759995,135.4728491
580,高島屋史料館,34.6624046,135.5063689
581,ザ・リッツ・カールトン大阪,,
582,HERBISPLAZA（ハービスプラザ）,34.6984732,135.4926808
583,シャムア,34.6744366,135.496629
584,ボルダリングジムAUBE,34.6968092,135.4845249
585,保護猫邸スイートホームウリエル,34.7084195,135.5067678
586,和空下寺町,34.6557309,135.5104044
587,さきしまコスモタワー展望台,34.6380795,135.4146553
588,アデルアトリエ,34.6969835,135.4779552
589,atelierYm,34.7381909,135.4958804
590,四天王寺庚申堂,34.6503562,135.5162129
591,野鳥園臨港緑地,34.6353233,135.4005621
592,インターネット＆コミックカフェメディアカフェポパイなんば本店,34.6630273,135.5035159
593,薬業年金会館,34.6744768,135.5166795
594,kodomonia!,34.6617913,135.5017994
595,BRIDGEWORK,34.6712153,135.4934317
596,酒井ガイド事務所スターウォッチング,34.6770951,135.4987381
597,マイドームおおさか,34.6848855,135.5111455
598,あべのルシアス,34.6465338,135.5111123
599,湯木美術館,34.6875156,135.5022545
600,朝日新聞大阪本社,34.6934647,135.4954549
601,シネマート心斎橋,34.6721578,135.4990075
602,大阪商工会議所,34.6844017,135.5112913
603,法案寺,34.6694455,135.5076435
604,陶器神社,34.6809551,135.4985856
605,芭蕉の句碑（南御堂）,34.6805746,135.499655
606,御堂会館,34.6807235,135.500103
607,應典院(シアトリカル應典院),34.6654338,135.5114589
608,老松通り,34.6974533,135.5020914
609,一心寺シアター倶楽,34.6526856,135.5118412
610,銀山寺,34.6631463,135.5125655
611,インターネット＆コミックカフェメディアカフェポパイ太融寺店,34.701948,135.5031453
612,吉祥寺,34.6603217,135.5151876
613,松下IMPホール／OBP円形ホール,34.6918741,135.5310629
614,八軒家船着場跡,34.6896851,135.5159143
615,木津川渡船場,34.6245676,135.4615646
616,円珠庵（鎌八幡）,34.6719317,135.5245086
617,森野サンプル(食品模型の製作体験),34.6360198,135.553885
618,OSAKASKY,34.7026734,135.4944427
619,インディクルーズ湊町船着場,34.669023,135.4954461
620,ちちんぷい陶芸教室上新庄教室,34.7439577,135.5326729
621,大阪市・八尾市・松原市環境施設組合舞洲工場,34.6656408,135.4067525
622,大阪府立体育会館,34.6623961,135.4992556
623,旧藤田邸庭園,34.694738,135.5245251
624,八幡屋公園,34.6600702,135.4465492
625,長堀橋,34.6756559,135.5086043
626,大海神社,34.6138844,135.4936672
627,高津宮（高津神社）,34.6684541,135.5138152
628,寂光寺（江口の君堂）,34.7532842,135.5539755
629,DOTONPLAZA,34.6696102,135.5069089
630,船場ビルディング,34.6870157,135.5041655
631,高麗橋,34.6895044,135.5083539
632,芭蕉の句碑（住吉公園）,34.6117045,135.4894526
633,あいおいニッセイ同和損保ザ・フェニックスホール,34.6977949,135.5012237
634,日本ペイント歴史館（日本ペイント株式会社）,34.705855,135.4820397
635,まほうびん記念館,34.6955706,135.5181612
636,パセラリゾーツなんば道頓堀店,34.668635,135.5041743
637,がもよん界隈（蒲生四丁目）,34.6982783,135.5455486
638,テレビ大阪,34.6906623,135.5209892
639,OsakaMetoro,34.6697984,135.4744618
640,フォリフォリ心斎橋店,34.6728447,135.5014606
641,天守閣ミュージアムショップ／大阪欄間彫刻,34.6873997,135.5258591
642,天守閣ミュージアムショップ／トンボ玉,34.6873997,135.5258591
643,履物問屋街,34.6624352,135.5096269
644,JR東淀川駅,34.7396082,135.5042321
645,萩之茶屋北公園,34.6476301,135.5010235
646,ビジネスホテル加賀,34.6480096,135.5012582
647,阪神電車ドーム前駅,34.6704786,135.4784213
648,ザ・コスモポリタン／グランフロント大阪,,
649,ニッポンレンタカー京橋駅前店,34.6947459,135.5275298
650,大阪北港ヨットハーバー,34.6737178,135.4096548
651,新夕陽ヶ丘,34.6656572,135.3914233
652,心眼寺,34.6729411,135.5271739
653,Joshin日本橋1ばん館,34.6584062,135.5068373
654,アートエリアB1,34.6925991,135.5074174
655,清水坂(天王寺区),34.6558409,135.5119231
656,南堀江・北堀江界隈,34.6710082,135.4883479
657,堀川戎神社,34.699744,135.5086891
658,家造祖神社,34.6650045,135.5126932
659,香具波志神社,34.7318843,135.4571455
660,バナナホール,34.7039145,135.5032172
661,大阪市立修道館,34.6844378,135.5249815
662,安倍晴明産湯井の跡・生誕伝承地,34.6317748,135.5092447
663,TheKitahama,34.689246,135.5070282
664,相合橋,34.6690342,135.504278
665,仮面女子シアター,34.6717457,135.5100789
666,新戎橋,34.6690345,135.4994057
667,おおさか和船めぐり,34.6915564,135.4869526
668,蕪村公園,34.7189561,135.5198202
669,大阪水都リムジン,34.6985422,135.5074676
670,一般社団法人日本殺陣道協会「侍・忍者体験」,34.6743411,135.4970086
671,トヨタレンタリース大阪淀屋橋北浜店,34.6888517,135.5119064
672,サロンドグレースイスホテル南海大阪店,34.6641054,135.5013676
673,タニカトーイ,34.6777113,135.5117345
674,カインドアメリカ村店,34.6719153,135.4975824
675,Tributeto,34.6744205,135.4952558
676,ことりカフェ心斎橋,34.6779589,135.4979937
677,うさぎカフェ・うさぎ専門店White,34.6735732,135.4977827
678,大乗坊,34.6624739,135.5051965
679,京あるきなんば店,34.6643104,135.4990107
680,なにわ名物いちびり庵千日前店,34.6685905,135.5032378
681,イリコスキー製麺所,34.6768256,135.4940691
682,海倶楽部スキューバダイブセンター,34.7147764,135.5067976
683,小川航空株式会社,34.6717681,135.4027975
684,クインテッサホテル大阪ベイ,34.6376336,135.4167177
685,落語家と行くなにわ探検クルーズ,34.6652465,135.4384446
686,ホテルソビアルなんば大国町,34.6557184,135.4975595
687,ヌィークソーイングスタジオ,34.6877935,135.4948889
688,GRAVITYRESEARCH,34.7055066,135.4942936
689,釣船茶屋ざうお難波本店,34.6684097,135.506676
690,幸せのフクロウカフェchouette(シュエット),34.6746243,135.5048408
691,BLINKSALON,34.6723762,135.4980411
692,SAORI豊崎長屋,34.7105692,135.5040591
693,堂島川温泉天神の湯,34.6968504,135.5090632
694,体験工房ギャラリー中長居公園教室,34.6158413,135.527023
695,陶芯陶芸教室,34.6694847,135.4850368
696,レンタル着物マイン梅田店,34.6969872,135.4949378
697,プラージェ陶芸教室,34.7027457,135.5217741
698,海斗工房,34.677998,135.5290161
699,千田硝子食器,34.6639466,135.5036547
700,Ocona,34.6806512,135.497622
701,ウッドロード木工教室,34.6235296,135.4779101
702,梅田の陶芸教室九里房,34.7060364,135.5020398
703,レンタル陶芸工房ガルボ,34.68712,135.4866958
704,一本松海運の大阪観光イベントクルーズ,34.6856188,135.4826199
705,CITYROCK,34.7232658,135.4695079
706,桜花着物大阪店,34.6666525,135.5057435
707,きなりがらす京橋店,34.6955359,135.5338829
708,蘇れ！！淀川の舟運上りコース,34.6906832,135.5161643
709,Cafe&Handmade雑貨Shiny,34.6306235,135.5658388
710,ダイビングショップマリン・大阪ダイビングカレッジ,34.6774677,135.5325601
711,アキバカート大阪,34.6611997,135.5071045
712,アトリエ十日月,34.7393191,135.4853706
713,岩橋康子フラワーデザインスクール,34.7053717,135.4968488
714,スペインタイルアート工房大阪教室,34.6717873,135.4939556
715,一屋～Hajimeya～,34.6750256,135.5193591
716,自宅パン教室Bonheur,34.6476861,135.5234492
717,新世界人力車俥天力,34.6511681,135.5061456
718,N-styleFlower,34.7095022,135.498895
719,LolotteCandle,34.7053848,135.5243921
720,体験工房ギャラリー中大阪駅前教室,34.7057145,135.4955831
721,TUKURU大阪店,34.6665369,135.503862
722,大阪寿司職人体験センター,34.6492885,135.4957154
723,本町の陶芸教室「土夢」,34.6842499,135.5027709
724,ボルダリングジムＣＬＡＲＩＣＡ,34.7075062,135.519916
725,ジュエリー工房azur,34.6024151,135.4856283
726,ハズキモスペット,34.7293315,135.5424342
727,Salonde,34.6979837,135.4992747
728,Sallyマクラメ教室,34.6338596,135.5218181
729,HOALUANA,34.6018151,135.5665619
730,vie.noble,34.6090263,135.4972941
731,レインボーソウル,34.653635,135.5064071
732,総合格闘技日本拳法,34.7172548,135.5271769
733,リムジンメモリアル,34.6042942,135.5267088
734,NFD公認校花のあとりえクランツ天王寺校,34.6494182,135.513742
735,ボルダリングジムKAI,34.6840125,135.4689514
736,COCOhandwork,34.6844637,135.4953632
737,テアトル梅田,34.7080029,135.4999237
738,大阪国際交流センター（アイハウス）,34.6618244,135.5176846
739,大阪市立阿倍野防災センター,34.6433333,135.5102992
740,舞洲アリーナ,34.6656495,135.3976428
741,真田幸村像,34.6729895,135.5296631
742,万代池公園,34.6193039,135.5024818
743,吾彦山大聖観音寺（あびこ観音）,34.5996758,135.5101845
744,真田の抜け穴,34.6734483,135.5297164
745,大阪市下水道科学館,34.6934251,135.4624856
746,大阪文化館・天保山,34.6538122,135.4295287
747,津波・高潮ステーション,34.6819802,135.4848515
748,ラグザ大阪,34.6972133,135.4878482
749,大阪カテドラル聖マリア大聖堂,34.6786977,135.5269332
750,帝塚山古墳,34.621348,135.49651
751,大阪人権博物館（リバティおおさか）,34.6544856,135.4865431
752,織田作之助文学碑,34.6580941,135.5126629
753,大阪市建設局舞洲スラッジセンター,34.6693607,135.4061522
754,鴫野神社,34.6650045,135.5126932
755,城方向八幡宮,34.6656349,135.5122988
756,ナレッジシアター,34.7059472,135.4944051
757,寺西家阿倍野長屋,34.6331721,135.5160968
758,精鎮社,34.6650045,135.5126932
759,大阪能楽会館,34.7060357,135.5026538
760,浄瑠璃神社,34.6650045,135.5126932
761,えいとアビエーション,34.6823911,135.4989688
762,ハービスHALL,34.6989529,135.493291
763,和和服体験レンタル,34.668603,135.4994817
764,キャビNET心斎橋店,34.6726005,135.4998504
765,トヨタレンタリース大阪東淀川上新庄店,34.7462455,135.5273336
766,なにわ名物いちびり庵,34.6685091,135.5024904
767,アイス・スケートリンク（大阪プール）,34.6610479,135.4474213
768,川崎橋,34.6942959,135.5255356
769,日本工芸館,34.6611546,135.4986557
770,OSAKAMUSE,34.6722401,135.5022764
771,ATCエイジレスセンター,34.6380452,135.4117758
772,GLIONMUSEUM,34.6518715,135.4371416
773,インターネットカフェアットワン,34.666776,135.5012203
774,COOLA,34.6739883,135.4960294
775,夏の陣（合戦）図屏風,34.6873997,135.5258591
776,トヨタレンタリース大阪歌島橋店,34.7099925,135.4573188
777,なにわ名物いちびり庵,34.6683851,135.437327
778,大阪市舞洲障害者スポーツセンター「アミティ舞洲」,34.6679178,135.4080662
779,大阪ビジターズインフォメーションセンター・難波,34.6664234,135.4951864
780,パラサイトZ,34.6380488,135.411274
781,保護猫カフェ猫の恵庭,34.66773,135.5037355
782,井原西鶴像,34.6656358,135.5129545
783,京橋商店街,34.6973601,135.5347957
784,メディアカフェポパイ十三店,34.7199814,135.4831498
785,時解escapecafe,34.6685544,135.502888
786,大槻能楽堂,34.6781671,135.5212726
787,キムチギャラリー,34.6606157,135.5341448
788,旭屋書店本店,34.7011231,135.499844
789,（株）千田,34.6635822,135.5038107
790,おおさかATCグリーンエコプラザ,34.6381894,135.4109847
791,生根神社（西成区）,34.6259667,135.4901743
792,日産レンタカー新大阪新幹線駅前店,34.7314727,135.4979953
793,天王寺ミオ（本館・プラザ館）,,
794,シーサイドスタジオCASO,34.6512849,135.4382447
795,駅マルシェ新大阪,34.7342601,135.5015735
796,中之島香雪美術館,34.6933355,135.4952513
797,太左衛門橋,34.669082,135.5032661
798,あの街ねっと大阪日本橋,34.6665685,135.5064599
799,御津宮（御津八幡宮）,34.6714679,135.4992584
800,食満南北句碑,34.6691793,135.5043645
801,難波千日前公園,34.6638672,135.5046749
802,快活CLUBなんば心斎橋店,34.6742221,135.5021687
803,彫金教室muro工房,34.7021583,135.5052595
804,アットワン千日前店,34.6677614,135.5033525
805,天王寺パスカ,34.6439713,135.5127703
806,大阪府立男女共同参画・青少年センター（ドーンセンター）,34.6900168,135.5208142
807,ダブルデイ南船場店,34.6785465,135.4993509
808,なにわ名物いちびり庵なんば店,34.6655353,135.5031838
809,なにわ名物いちびり庵／なにわ名物のオリジナルグッズ,34.6680103,135.5012416
810,ニッポンレンタカー阪急梅田店,34.7055828,135.4983015
811,なにわの和太鼓工房（株式会社太鼓正）,34.659724,135.4887258
812,大阪市長居障がい者スポーツセンター,34.6127052,135.5147218
813,ソフマップなんば店ザウルス2,34.6629609,135.505392
814,清見原神社,34.6602157,135.5550877
815,近鉄大阪阿部野橋駅,34.6454978,135.515056
816,南海難波駅,34.66719,135.5003615
817,大阪メトロ御堂筋線,34.682008,135.49883
818,ＷｉｎｄｓｕｒｆｉｎｇＳｃｈｏｏｌ,34.6951103,135.4430574
819,姫嶋神社,34.7044237,135.4531962
820,大坂メトロ新大阪駅,34.7334702,135.5002544
821,ＪＲ福島駅,34.6972455,135.4868599
822,大黒橋,34.6690112,135.4977011
823,初代中村鴈治郎生誕の地,34.677817,135.4942681
824,御堂筋完成８０周年記念碑,34.6908457,135.5007201
825,BLASTTOUR,34.6524114,135.4296987
826,快活CLUB道頓堀店,34.6686351,135.5052699
827,快活CLUB長居駅前店,34.6095595,135.5125965
828,陶芸教室『五郎窯』,34.6950815,135.5116608
829,グランドサウナ心斎橋,,
830,シティプラザ大阪,34.6842592,135.5106207
831,CookingstudioColore,34.7093445,135.5076921
832,大阪市立東淀川屋内プール,,
833,メディアカフェポパイ心斎橋店,34.6734538,135.5028073
834,インターネットカフェアットワン,34.6673184,135.5064571
835,メディアカフェポパイ道頓堀店,34.668621,135.5058238
836,FABFOUR,34.6747819,135.4963779
837,OMNIGOD北堀江店,34.6749821,135.4961518
838,AGURA,34.6979334,135.4944851
839,メルボルンハウスShop,34.6557056,135.430125
840,FRAMES,34.6741117,135.4993049
841,O1O1NAMBA,34.6656152,135.5009962
842,一文字厨器,34.6635119,135.5035319
843,人形の天明館,34.6770447,135.5117124
844,日産レンタカー天王寺駅前店,34.6476532,135.5163482
845,堂島クロスウォーク,34.6944633,135.4891632
846,トヨタレンタリース新大阪新大阪三国店,34.745881,135.4981584
847,伴ピーアール株式会社,34.6985096,135.5074645
848,FUNNYIMP店,34.6915779,135.5298572
849,トヨタレンタリース大阪蒲生店,34.7005151,135.5474279
850,天守閣ミュージアムショップ／大阪張子,34.6873997,135.5258591
851,川口基督教会,34.6821546,135.4821648
852,NOCE堀江店,34.6721449,135.4968753
853,グルメ・ミュージック船ひまわり,34.7013534,135.5190421
854,トヨタレンタリース大阪住之江公園駅前店,34.6074657,135.4727181
855,MSPCPRODUCT,34.6717191,135.4946599
856,FULLCOUNT本店,34.6738306,135.4958219
857,macaron,34.6879293,135.4961311
858,EBISU超本店,34.6770383,135.4981874
859,DEPTWEST,34.7055176,135.5008048
860,AGATHAPARIS,34.6748364,135.4997263
861,shopDETAIL,34.6714358,135.4928995
862,grafliving：ショップ/ショールーム,34.6904527,135.491339
863,HEPHALL,34.7041072,135.5002544
864,新梅田研修センター,34.7020489,135.4889585
865,浪速クラブ,34.652265,135.5074288
866,安田商店,34.6656162,135.5306341
867,長野県大阪観光情報センター,34.6991194,135.4968296
868,トヨタレンタリース大阪玉造駅前店,34.6749407,135.5321073
869,駅レンタカー大阪営業所,34.7009643,135.4919966
870,トヨタレンタリース新大阪大阪梅田店,34.6975756,135.5070315
871,TORIIHALL,34.6681761,135.5034662
872,トヨタレンタリース大阪野田阪神駅前店,34.693892,135.4768287
873,公益財団法人山本能楽堂,34.6839413,135.5149868
874,レーベルショップオーサカ,34.6610003,135.5051043
875,MiuFlower,34.7069419,135.5030203
876,クラブドゥダイビングセンター大阪店,34.673804,135.5116522
877,アトリエ銀の糸大阪教室,34.7135325,135.4688984
878,トミーワイキャンドル,34.719937,135.4843553
879,Kayakkono-tori,34.7215559,135.4725397
880,STUDIOCAVE,34.6343198,135.5298838
881,マジックバーミストフェリーズ,34.696404,135.4984653
882,大阪水上バス（株）「ひまわり」,34.6902495,135.5162556
883,Four-MPET,34.6666463,135.5057267
884,勇進流刀技術勇進舘本部,34.7036364,135.5302182
885,彫金教室アトリエアーク,34.661597,135.5006114
886,アルブル木工教室,34.6187808,135.460841
887,京橋陶芸教室,34.6942709,135.5267549
